{
  "task": "ptb_lstm_proj",
  "seed": 42,
  "status": "done",
  "fs_adam": {
    "best_ppl": 285.58886665683605,
    "epoch_ppls": [
      420.3616539634757,
      355.5301738380438,
      327.01658431083223,
      311.51508003889353,
      301.4418702904634,
      294.46094982525443,
      289.49065225027107,
      285.58886665683605
    ],
    "elapsed": 178.8197305202484
  },
  "mf_adam": {
    "best_ppl": 271.8088846967977,
    "epoch_ppls": [
      420.82973495189475,
      350.1814913681421,
      320.47869852182055,
      303.7429319679745,
      292.10382879535706,
      283.9415320933657,
      277.2391928822603,
      271.8088846967977
    ],
    "elapsed": 203.21158599853516
  },
  "delta_ppl_fs_minus_mf": 13.779981960038356,
  "verdict": "promising",
  "recommendation": "5seeds"
}