{
  "task": "resnet18_fchead",
  "seed": 42,
  "status": "done",
  "fs_adam": {
    "best_acc": 83.11,
    "epoch_accs": [
      54.120000000000005,
      61.199999999999996,
      67.99,
      69.97,
      70.19,
      72.03,
      74.15,
      75.37,
      75.13,
      76.47,
      78.14999999999999,
      77.52,
      78.13,
      77.5,
      80.13,
      78.86,
      78.95,
      79.96,
      80.86,
      80.78,
      80.34,
      82.26,
      81.62,
      82.83,
      80.49,
      82.27,
      82.11,
      81.92,
      83.04,
      83.11
    ],
    "elapsed": 307.96456956863403
  },
  "mf_adam": {
    "best_acc": 83.48,
    "epoch_accs": [
      52.669999999999995,
      60.07,
      67.07,
      69.13,
      70.58,
      72.92999999999999,
      73.94,
      76.11,
      75.86,
      77.63,
      78.23,
      78.31,
      78.67,
      79.69000000000001,
      79.62,
      79.60000000000001,
      79.7,
      79.91,
      80.95,
      81.25,
      80.81,
      82.59,
      81.37,
      82.65,
      81.12,
      81.54,
      83.06,
      82.65,
      82.91,
      83.48
    ],
    "elapsed": 309.9889302253723
  },
  "delta_acc_mf_minus_fs": 0.37000000000000455,
  "verdict": "null",
  "recommendation": "investigate"
}