{
  "task": "fashion_fc",
  "seed": 42,
  "status": "done",
  "fs_adam": {
    "best_acc": 89.29,
    "epoch_accs": [
      83.04,
      86.07000000000001,
      87.33999999999999,
      87.8,
      88.34,
      88.25,
      88.63,
      88.89,
      88.98,
      89.29
    ],
    "elapsed": 68.54268407821655
  },
  "mf_adam": {
    "best_acc": 89.44,
    "epoch_accs": [
      83.00999999999999,
      86.24000000000001,
      87.07000000000001,
      87.89,
      88.34,
      88.42,
      88.89,
      88.88000000000001,
      88.92,
      89.44
    ],
    "elapsed": 133.53612351417542
  },
  "delta_acc_mf_minus_fs": 0.14999999999999147,
  "verdict": "null",
  "recommendation": "investigate"
}