{
  "a2_no_ema": {
    "adult": {
      "mean_acc": 0.8500068240753378,
      "baseline_mean": 0.8491879350348027,
      "paired_test": {
        "label": "mf-adam vs a2_no_ema",
        "ablation_accs": [
          0.8512351576361403,
          0.8501433055820936,
          0.8486420090077794
        ],
        "baseline_accs": [
          0.8502797870888494,
          0.8489149720212911,
          0.8483690459942678
        ],
        "diffs_base_minus_ablation": [
          -0.0009553705472908902,
          -0.0012283335608025414,
          -0.0002729630135116512
        ],
        "mean_diff": -0.0008188890405350276,
        "se_diff": 0.000284108912169545,
        "t_stat": -2.882306768491468,
        "p_val_1sided": 0.9488792012484318
      }
    },
    "covertype": {
      "mean_acc": 0.7394222222222222,
      "baseline_mean": 0.7396444444444444,
      "paired_test": {
        "label": "mf-adam vs a2_no_ema",
        "ablation_accs": [
          0.7569333333333333,
          0.7385333333333334,
          0.7228
        ],
        "baseline_accs": [
          0.7566,
          0.7398,
          0.7225333333333334
        ],
        "diffs_base_minus_ablation": [
          -0.0003333333333332966,
          0.0012666666666666382,
          -0.0002666666666666373
        ],
        "mean_diff": 0.00022222222222223476,
        "se_diff": 0.0005225767118357504,
        "t_stat": 0.42524325556260306,
        "p_val_1sided": 0.35602192906976066
      }
    }
  },
  "a3_no_gate": {
    "adult": {
      "mean_acc": 0.8491424411992176,
      "baseline_mean": 0.8491879350348027,
      "paired_test": {
        "label": "mf-adam vs a3_no_gate",
        "ablation_accs": [
          0.8506892316091169,
          0.8483690459942678,
          0.8483690459942678
        ],
        "baseline_accs": [
          0.8502797870888494,
          0.8489149720212911,
          0.8483690459942678
        ],
        "diffs_base_minus_ablation": [
          -0.0004094445202674768,
          0.0005459260270233024,
          0.0
        ],
        "mean_diff": 4.54938355852752e-05,
        "se_diff": 0.00027672819845765977,
        "t_stat": 0.1643989873053573,
        "p_val_1sided": 0.4422649730810374
      }
    },
    "covertype": {
      "mean_acc": 0.7403555555555555,
      "baseline_mean": 0.7396444444444444,
      "paired_test": {
        "label": "mf-adam vs a3_no_gate",
        "ablation_accs": [
          0.7566,
          0.7389333333333333,
          0.7255333333333334
        ],
        "baseline_accs": [
          0.7566,
          0.7398,
          0.7225333333333334
        ],
        "diffs_base_minus_ablation": [
          0.0,
          0.0008666666666666822,
          -0.0030000000000000027
        ],
        "mean_diff": -0.0007111111111111068,
        "se_diff": 0.001171471586941978,
        "t_stat": -0.6070237802074218,
        "p_val_1sided": 0.6972154994053761
      }
    }
  },
  "a6_random_pressure": {
    "adult": {
      "mean_acc": 0.8495518857194849,
      "baseline_mean": 0.8491879350348027,
      "paired_test": {
        "label": "mf-adam vs a6_random_pressure",
        "ablation_accs": [
          0.851508120649652,
          0.8487784905145352,
          0.8483690459942678
        ],
        "baseline_accs": [
          0.8502797870888494,
          0.8489149720212911,
          0.8483690459942678
        ],
        "diffs_base_minus_ablation": [
          -0.0012283335608025414,
          0.0001364815067558256,
          0.0
        ],
        "mean_diff": -0.0003639506846822386,
        "se_diff": 0.0004339835318761494,
        "t_stat": -0.8386278693775486,
        "p_val_1sided": 0.7550306852253386
      }
    },
    "covertype": {
      "mean_acc": 0.7390666666666666,
      "baseline_mean": 0.7396444444444444,
      "paired_test": {
        "label": "mf-adam vs a6_random_pressure",
        "ablation_accs": [
          0.7562666666666666,
          0.7384666666666667,
          0.7224666666666667
        ],
        "baseline_accs": [
          0.7566,
          0.7398,
          0.7225333333333334
        ],
        "diffs_base_minus_ablation": [
          0.00033333333333340764,
          0.0013333333333332975,
          6.666666666665932e-05
        ],
        "mean_diff": 0.0005777777777777882,
        "se_diff": 0.0003855411460643704,
        "t_stat": 1.4986150860311074,
        "p_val_1sided": 0.1363547447380903
      }
    }
  }
}